class,precision_mean,precision_std,recall_mean,recall_std,f1_mean,f1_std,support
Chinee apple,0.9630542978082272,0.00773038668759612,0.9218289085545722,0.0025546472088036577,0.9419829839997907,0.004530541323852725,226
Lantana,0.9410140798901204,0.01541437153017973,0.970266040688576,0.002710564644082789,0.9553583858416067,0.006655862748783549,213
Parkinsonia,0.9792778906067111,0.011741910225490116,0.9822866344605474,0.010056357485343637,0.9807137609929651,0.004754212911725282,207
Parthenium,0.988380952096589,0.002673397520793452,0.9658536585365853,0.012906103956412649,0.9769457749890819,0.005298398672236821,205
Prickly acacia,0.9213444622342428,0.014812199870925982,0.9702660406885758,0.01181507736349101,0.9451407136723718,0.011763773382416897,213
Rubber vine,0.9779839367779065,0.010430795288552305,0.9504950495049505,0.008574508948360787,0.964021516318356,0.007657200940328473,202
Siam weed,0.9769250202773678,0.008835007307797836,0.9798449612403101,0.009682167439377396,0.9783257491672441,0.001383318594538319,215
Snake weed,0.9605315137961186,0.012571817663721547,0.9117647058823529,0.016980890270283114,0.9354278386221742,0.01035860102953353,204
Negative,0.9754525998684437,0.0019201892422550798,0.9813391877058177,0.0,0.9783864078825987,0.0009655157826637167,1822
